timestamp,run,seed,patient_macro_f1,Non_Demented_recall,Very_Mild_Demented_recall,Mild_Demented_recall
2026-09-20T07:09:16,0,1000,0.5,0.7143,0.1818,1.0
2026-09-20T07:18:38,1,1001,0.4294,0.619,0.1818,0.75
2026-09-20T07:25:33,2,1002,0.4167,0.7143,0.0909,0.75
2026-09-20T07:34:41,3,1003,0.4296,0.7619,0.0909,0.75
2026-09-20T07:44:43,4,1004,0.5282,0.6667,0.2727,1.0
2026-09-20T07:56:12,5,1005,0.4083,0.7619,0.0,1.0
2026-09-20T08:06:46,6,1006,0.4646,0.7619,0.0909,1.0
2026-09-20T08:18:16,7,1007,0.5124,0.7619,0.1818,1.0
2026-09-20T08:27:29,8,1008,0.4844,0.6667,0.1818,1.0
2026-09-20T08:38:55,9,1009,0.3668,0.6667,0.0,1.0
2026-09-20T08:50:29,10,1010,0.4652,0.619,0.1818,1.0
2026-09-20T08:58:49,11,1011,0.4513,0.7143,0.0909,1.0
2026-09-20T09:06:20,12,1012,0.4771,0.6667,0.1818,1.0
2026-09-20T09:12:57,13,1013,0.4618,0.7143,0.1818,0.75
2026-09-20T09:22:04,14,1014,0.4354,0.6667,0.0909,1.0
2026-09-20T09:33:33,15,1015,0.4493,0.5714,0.1818,1.0
2026-09-20T09:45:06,16,1016,0.4416,0.7143,0.0909,1.0
2026-09-20T09:56:33,17,1017,0.4646,0.7619,0.0909,1.0
2026-09-20T10:06:36,18,1018,0.5089,0.619,0.3636,0.75
2026-09-20T10:18:02,19,1019,0.5009,0.7143,0.2727,0.75
2026-09-20T10:23:47,20,1020,0.5407,0.619,0.3636,1.0
2026-09-20T10:35:15,21,1021,0.4844,0.6667,0.1818,1.0
2026-09-20T10:46:53,22,1022,0.3875,0.6667,0.0,1.0
2026-09-20T10:58:25,23,1023,0.5531,0.8571,0.1818,1.0
2026-09-20T11:09:54,24,1024,0.4378,0.6667,0.0909,1.0
2026-09-20T11:17:25,25,1025,0.4074,0.5714,0.0909,1.0
2026-09-20T11:27:28,26,1026,0.3875,0.6667,0.0,1.0
2026-09-20T11:38:06,27,1027,0.4513,0.7143,0.0909,1.0
2026-09-20T11:47:56,28,1028,0.6061,0.8571,0.2727,1.0
2026-09-20T11:57:28,29,1029,0.5629,0.7619,0.2727,1.0
2026-09-20T12:08:56,30,1030,0.4915,0.8571,0.0909,1.0
2026-09-20T12:13:38,31,1031,0.2795,0.4286,0.0,1.0
2026-09-20T12:25:01,32,1032,0.4304,0.6667,0.0909,1.0
2026-09-20T12:36:29,33,1033,0.5,0.7143,0.1818,1.0
2026-09-20T12:47:56,34,1034,0.4844,0.6667,0.1818,1.0
2026-09-20T12:59:27,35,1035,0.4652,0.619,0.1818,1.0
2026-09-20T13:10:59,36,1036,0.4844,0.6667,0.1818,1.0
2026-09-20T13:21:35,37,1037,0.5,0.7143,0.1818,1.0
2026-09-20T13:31:53,38,1038,0.5834,0.619,0.4545,1.0
2026-09-20T13:43:28,39,1039,0.5,0.7143,0.1818,1.0
