model,schedule,seed,patient_balanced_acc,patient_macro_f1,patient_acc,patient_recall_Demented,patient_recall_Non_Demented,slice_balanced_acc
cnn,warmup,123,0.7371,0.7151,0.7167,0.8668,0.6074,0.7107
cnn,warmup,200,0.7049,0.6788,0.6825,0.8468,0.5629,0.7103
cnn,warmup,210,0.7386,0.7209,0.7254,0.8253,0.6518,0.7107
cnn,warmup,310,0.7136,0.6839,0.6912,0.8568,0.5704,0.7005
cnn,warmup,410,0.7189,0.6911,0.6955,0.8674,0.5704,0.7046
cnn,warmup,mean,0.7226,0.6979,0.7022,0.8526,0.5926,0.7074
cnn,warmup,std,0.0148,0.0189,0.018,0.0175,0.0374,0.0046
vit,warmup,123,0.7084,0.6885,0.691,0.8168,0.6,0.7062
vit,warmup,200,0.7274,0.7052,0.708,0.8474,0.6074,0.7132
vit,warmup,210,0.7016,0.6769,0.6868,0.7958,0.6074,0.7101
vit,warmup,300,0.6707,0.6249,0.6698,0.6674,0.6741,0.6627
vit,warmup,310,0.7019,0.6812,0.6868,0.7963,0.6074,0.7145
vit,warmup,410,0.7295,0.7089,0.7127,0.8368,0.6222,0.7074
vit,warmup,mean,0.7066,0.6809,0.6925,0.7934,0.6197,0.7023
vit,warmup,std,0.0214,0.0303,0.0157,0.0652,0.0276,0.0197
cnn_svm,warmup,123,0.7115,0.6841,0.6869,0.8674,0.5556,0.7024
cnn_svm,warmup,200,0.7078,0.6803,0.6825,0.8674,0.5481,0.688
cnn_svm,warmup,210,0.7121,0.6878,0.6911,0.8463,0.5778,0.7084
cnn_svm,warmup,300,0.73,0.7072,0.7083,0.8674,0.5926,0.7107
cnn_svm,warmup,310,0.7178,0.6885,0.6913,0.8874,0.5481,0.699
cnn_svm,warmup,410,0.725,0.701,0.7037,0.8574,0.5926,0.7202
cnn_svm,warmup,mean,0.7173,0.6915,0.694,0.8655,0.5691,0.7048
cnn_svm,warmup,std,0.0086,0.0104,0.01,0.0136,0.0212,0.011
hybrid,warmup,123,0.7322,0.7153,0.7166,0.8274,0.637,0.6702
hybrid,warmup,200,0.7398,0.7142,0.7212,0.8574,0.6222,0.6743
hybrid,warmup,210,0.7081,0.6805,0.6866,0.8384,0.5778,0.6582
hybrid,warmup,310,0.7253,0.6983,0.7036,0.8579,0.5926,0.6661
hybrid,warmup,410,0.7178,0.6906,0.6953,0.8579,0.5778,0.6624
hybrid,warmup,mean,0.7246,0.6998,0.7047,0.8478,0.6015,0.6663
hybrid,warmup,std,0.0123,0.015,0.0144,0.0142,0.0269,0.0063
